日期,region,product,salesperson,客户,销售数量,单价,sales
2024-09-30,西北,耳机,郑十一,深圳数据服务有限公司,39,1103.51,43036.89
2024-03-24,东北,摄像头,李四,杭州软件开发有限公司,36,8677.41,312386.76
2025-02-10,华北,智能手机,钱七,长沙电子商务有限公司,35,7633.34,267166.9
2024-07-31,西北,投影仪,王五,宁波软件开发有限公司,11,4810.38,52914.18
2024-08-18,华中,存储设备,郑十一,武汉数据服务有限公司,7,8769.93,61389.51
2024-06-09,西北,投影仪,郑十一,深圳科技有限公司,13,1951.97,25375.61
2024-03-28,华东,键盘,陈十五,深圳软件开发有限公司,39,3579.48,139599.72
2025-01-03,华东,智能手机,刘十四,南京电子商务有限公司,16,1050.29,16804.64
2024-12-16,华中,平板电脑,王五,成都网络科技有限公司,5,9790.85,48954.25
2024-06-11,华北,音箱,王十二,长沙电子商务有限公司,31,9495.06,294346.86
2025-03-07,华南,摄像头,钱七,深圳软件开发有限公司,14,9324.68,130545.52
2024-10-29,西北,耳机,李四,广州软件开发有限公司,43,6673.84,286975.12
2024-03-29,西北,音箱,赵六,杭州信息技术有限公司,15,1108.25,16623.75
2025-03-16,东北,笔记本电脑,赵六,大连科技有限公司,15,568.31,8524.65
2024-04-24,西北,打印机,钱七,成都网络科技有限公司,3,8666.54,25999.62
2024-05-25,东北,路由器,王十二,广州电子商务有限公司,32,2535.25,81128.0
2024-10-13,华南,智能手机,李四,成都网络科技有限公司,16,7953.88,127262.08
2024-10-15,西南,办公软件,刘十四,深圳信息技术有限公司,28,3865.83,108243.24
2025-02-12,华东,笔记本电脑,周九,福州系统集成有限公司,44,6707.83,295144.52
2024-05-13,华南,打印机,赵六,青岛科技有限公司,22,8105.63,178323.86
2024-06-20,华北,耳机,赵六,大连科技有限公司,29,1831.73,53120.17
2024-12-25,华东,笔记本电脑,李十三,青岛科技有限公司,29,8176.21,237110.09
2024-07-18,华南,鼠标,吴十,广州电子商务有限公司,1,9705.46,9705.46
2024-04-18,华南,鼠标,张三,广州网络科技有限公司,14,8714.18,121998.52
2024-11-06,华北,鼠标,刘十四,福州系统集成有限公司,17,9301.92,158132.64
2024-11-23,华南,打印机,钱七,成都网络科技有限公司,36,6787.78,244360.08
2024-12-21,华东,摄像头,孙八,深圳信息技术有限公司,4,6002.21,24008.84
2024-12-01,华中,音箱,王五,深圳信息技术有限公司,4,6049.69,24198.76
2024-06-22,华东,路由器,李四,杭州软件开发有限公司,33,1261.06,41614.98
2025-01-04,华南,路由器,王十二,南京电子商务有限公司,16,4335.87,69373.92
2025-02-18,西北,路由器,郑十一,广州智能科技有限公司,40,1278.84,51153.6
2024-08-26,华南,显示器,周九,武汉软件开发有限公司,17,2440.46,41487.82
2024-11-08,华北,投影仪,李四,深圳科技有限公司,43,6632.26,285187.18
2025-01-01,华东,智能手机,郑十一,成都网络科技有限公司,30,6401.01,192030.3
2024-09-13,华东,打印机,孙八,上海系统集成有限公司,33,3019.4,99640.2
2024-12-22,东北,显示器,王十二,成都智能科技有限公司,11,4662.75,51290.25
2024-12-27,华北,存储设备,李四,武汉软件开发有限公司,34,574.32,19526.88
2024-05-12,东北,音箱,王五,长沙智能科技有限公司,17,1596.57,27141.69
2024-09-10,华南,存储设备,李十三,深圳数据服务有限公司,19,6245.88,118671.72
2024-04-14,华东,存储设备,周九,长沙智能科技有限公司,33,5141.05,169654.65
2024-05-24,东北,显示器,王五,广州科技有限公司,3,533.68,1601.04
2024-10-23,西北,笔记本电脑,李四,大连科技有限公司,29,5740.96,166487.84
2024-12-23,华东,办公软件,孙八,杭州信息技术有限公司,45,9087.32,408929.4
2024-05-23,华东,显示器,孙八,南京电子商务有限公司,36,1906.89,68648.04
2024-07-24,东北,智能手机,孙八,重庆软件开发有限公司,23,2495.73,57401.79
2024-10-13,西北,摄像头,王五,广州软件开发有限公司,36,8899.28,320374.08
2024-06-17,西南,笔记本电脑,王五,广州科技有限公司,11,9773.96,107513.56
2024-10-15,华中,存储设备,刘十四,广州软件开发有限公司,22,7932.67,174518.74
2025-03-13,华东,鼠标,张三,广州电子商务有限公司,18,2012.38,36222.84
2024-11-09,华北,显示器,陈十五,青岛信息技术有限公司,15,2395.94,35939.1
2024-06-25,西南,键盘,钱七,大连科技有限公司,15,724.81,10872.15
2025-02-10,西北,鼠标,李十三,青岛科技有限公司,50,3151.69,157584.5
2024-05-17,华北,平板电脑,王十二,深圳数据服务有限公司,22,9422.75,207300.5
2024-10-27,华北,摄像头,陈十五,广州智能科技有限公司,3,1529.82,4589.46
2024-12-05,华东,鼠标,王十二,青岛智能科技有限公司,28,6258.98,175251.44
2024-10-28,华东,音箱,陈十五,青岛科技有限公司,17,921.67,15668.39
2025-02-25,华南,键盘,周九,大连科技有限公司,44,7334.58,322721.52
2025-02-01,华北,存储设备,李四,福州系统集成有限公司,43,9247.32,397634.76
2025-02-23,西南,键盘,周九,郑州数据服务有限公司,20,5317.66,106353.2
2024-06-25,西南,存储设备,周九,杭州软件开发有限公司,19,5766.92,109571.48
2025-01-28,西北,显示器,周九,南京科技有限公司,48,9076.65,435679.2
2024-07-04,西南,投影仪,王十二,武汉数据服务有限公司,1,3386.81,3386.81
2024-10-31,西南,存储设备,赵六,宁波软件开发有限公司,42,3561.37,149577.54
2024-06-13,东北,智能手机,钱七,宁波软件开发有限公司,31,8040.49,249255.19
2024-09-06,华东,办公软件,陈十五,广州软件开发有限公司,43,6512.94,280056.42
2024-06-28,华南,笔记本电脑,张三,广州软件开发有限公司,44,3448.98,151755.12
2024-04-25,西南,鼠标,李十三,青岛软件开发有限公司,31,6307.1,195520.1
2024-10-01,西南,鼠标,赵六,南京系统集成有限公司,13,7324.29,95215.77
2024-05-12,华中,鼠标,赵六,重庆软件开发有限公司,42,7032.41,295361.22
2024-04-13,西北,打印机,李四,武汉智能科技有限公司,45,5420.6,243927.0
2025-02-23,西北,音箱,王十二,广州智能科技有限公司,9,8113.46,73021.14
2025-01-26,华中,摄像头,郑十一,长沙电子商务有限公司,49,8968.55,439458.95
2024-06-08,东北,办公软件,吴十,长沙数据服务有限公司,36,4736.18,170502.48
2025-02-08,华北,投影仪,陈十五,杭州网络科技有限公司,17,7641.88,129911.96
2024-08-06,西南,智能手机,刘十四,上海系统集成有限公司,32,6454.11,206531.52
2024-08-29,西北,智能手机,王五,南京系统集成有限公司,16,3081.29,49300.64
2024-06-05,东北,打印机,李四,杭州系统集成有限公司,15,4138.84,62082.6
2024-11-12,西南,笔记本电脑,赵六,杭州系统集成有限公司,27,3643.37,98370.99
2025-01-12,东北,笔记本电脑,陈十五,青岛软件开发有限公司,25,9095.97,227399.25
2024-09-15,华北,投影仪,周九,杭州系统集成有限公司,25,5031.31,125782.75
2024-12-23,华中,路由器,赵六,南京电子商务有限公司,35,7601.4,266049.0
2024-11-22,华东,鼠标,孙八,成都网络科技有限公司,15,3092.89,46393.35
2024-06-11,华中,耳机,王五,武汉系统集成有限公司,44,8082.35,355623.4
2024-10-06,西北,路由器,李十三,杭州网络科技有限公司,35,756.18,26466.3
2024-05-27,华中,耳机,王五,深圳信息技术有限公司,6,6606.12,39636.72
2024-07-05,西南,键盘,孙八,深圳电子商务有限公司,17,4101.49,69725.33
2024-10-20,华北,办公软件,李四,广州电子商务有限公司,25,3143.44,78586.0
2024-04-14,华北,打印机,李十三,大连科技有限公司,2,7615.73,15231.46
2024-04-08,华中,笔记本电脑,赵六,青岛智能科技有限公司,50,9594.21,479710.5
2024-07-19,华南,耳机,李十三,福州科技有限公司,2,6402.69,12805.38
2024-11-12,东北,显示器,陈十五,南京智能科技有限公司,37,9503.69,351636.53
2024-05-16,华中,办公软件,王五,深圳软件开发有限公司,11,6255.98,68815.78
2024-08-25,西北,存储设备,周九,深圳软件开发有限公司,7,5997.5,41982.5
2025-01-16,东北,办公软件,李十三,广州软件开发有限公司,46,2384.13,109669.98
2024-08-20,华中,存储设备,王十二,福州科技有限公司,7,7123.33,49863.31
2024-09-12,西北,鼠标,李十三,南京智能科技有限公司,37,7935.04,293596.48
2024-09-09,华东,办公软件,周九,南京电子商务有限公司,5,5306.63,26533.15
2024-09-20,东北,办公软件,吴十,南京电子商务有限公司,7,4618.47,32329.29
2024-12-11,东北,显示器,王十二,青岛科技有限公司,10,4637.13,46371.3
2024-10-28,华中,摄像头,王十二,长沙智能科技有限公司,50,5093.23,254661.5
2024-05-02,华北,耳机,赵六,深圳电子商务有限公司,21,8591.28,180416.88
2025-02-24,西南,键盘,张三,南京电子商务有限公司,30,5913.57,177407.1
2024-07-05,华北,投影仪,钱七,长沙网络科技有限公司,21,2227.48,46777.08
2025-03-13,华北,音箱,张三,杭州网络科技有限公司,18,8863.04,159534.72
2024-10-13,西南,音箱,陈十五,广州软件开发有限公司,13,1313.32,17073.16
2025-03-18,西南,耳机,陈十五,杭州网络科技有限公司,45,5022.88,226029.6
2024-10-12,东北,打印机,钱七,成都网络科技有限公司,6,3295.24,19771.44
2024-12-27,西北,键盘,周九,广州科技有限公司,38,4005.69,152216.22
2025-03-13,西南,显示器,钱七,深圳数据服务有限公司,36,3642.52,131130.72
2024-06-25,华北,智能手机,刘十四,青岛科技有限公司,15,1646.23,24693.45
2024-06-25,华南,摄像头,吴十,长沙智能科技有限公司,49,7056.55,345770.95
2024-12-12,西北,显示器,李四,青岛智能科技有限公司,47,6101.08,286750.76
2024-06-18,华北,笔记本电脑,刘十四,青岛科技有限公司,19,2661.09,50560.71
2024-04-15,西北,显示器,刘十四,武汉软件开发有限公司,9,3105.96,27953.64
2024-11-25,华东,办公软件,张三,青岛软件开发有限公司,41,8750.38,358765.58
2024-10-30,华北,平板电脑,张三,深圳数据服务有限公司,19,4959.27,94226.13
2024-04-21,西南,耳机,李四,青岛软件开发有限公司,31,1583.83,49098.73
2024-06-04,华南,投影仪,王十二,深圳软件开发有限公司,41,7021.28,287872.48
2024-05-18,西北,投影仪,周九,武汉数据服务有限公司,6,9942.22,59653.32
2024-07-12,华中,音箱,周九,长沙数据服务有限公司,39,8012.04,312469.56
2025-01-14,西南,显示器,王十二,武汉系统集成有限公司,29,3324.85,96420.65
2024-05-08,华中,打印机,李十三,成都网络科技有限公司,4,6291.49,25165.96
2024-06-07,华南,平板电脑,郑十一,大连科技有限公司,17,6774.07,115159.19
2024-11-04,东北,路由器,吴十,上海系统集成有限公司,11,525.42,5779.62
2025-03-15,华北,摄像头,吴十,大连科技有限公司,3,2699.02,8097.06
2024-08-01,华中,投影仪,李十三,杭州信息技术有限公司,44,2717.53,119571.32
2024-06-28,西南,智能手机,郑十一,青岛信息技术有限公司,43,8137.1,349895.3
2024-08-02,华中,平板电脑,李四,深圳信息技术有限公司,42,1915.4,80446.8
2025-01-17,东北,办公软件,王十二,上海系统集成有限公司,11,8029.97,88329.67
2025-03-06,华北,摄像头,周九,长沙智能科技有限公司,29,1681.36,48759.44
2024-10-29,华东,路由器,张三,长沙电子商务有限公司,33,5629.82,185784.06
2024-07-25,华东,智能手机,赵六,杭州软件开发有限公司,48,3562.06,170978.88
2024-03-29,华中,存储设备,钱七,青岛软件开发有限公司,37,6077.67,224873.79
2024-06-16,西南,音箱,李十三,长沙数据服务有限公司,3,7749.54,23248.62
2025-01-12,西南,存储设备,吴十,北京信息技术有限公司,18,2224.15,40034.7
2024-09-05,华北,存储设备,李四,杭州科技有限公司,31,3805.63,117974.53
2024-11-27,华北,存储设备,周九,深圳电子商务有限公司,22,4410.63,97033.86
2024-05-03,华北,显示器,孙八,福州科技有限公司,36,848.62,30550.32
2024-12-07,华中,笔记本电脑,李十三,青岛科技有限公司,50,4339.66,216983.0
2024-06-23,西北,键盘,王十二,深圳电子商务有限公司,30,4425.85,132775.5
2024-04-14,华南,显示器,郑十一,武汉软件开发有限公司,32,6441.38,206124.16
2025-03-11,西南,智能手机,张三,郑州系统集成有限公司,19,4662.1,88579.9
2025-03-17,华南,显示器,郑十一,深圳科技有限公司,39,8093.48,315645.72
2024-07-12,华中,智能手机,吴十,福州科技有限公司,36,4375.91,157532.76
2024-11-29,东北,显示器,郑十一,南京电子商务有限公司,42,8405.36,353025.12
2024-11-21,西南,打印机,吴十,南京科技有限公司,18,4447.16,80048.88
2025-01-19,西北,摄像头,王五,大连科技有限公司,10,4144.07,41440.7
2024-10-17,华北,投影仪,郑十一,长沙智能科技有限公司,18,7840.41,141127.38
2024-08-18,华中,路由器,王十二,成都网络科技有限公司,1,3186.97,3186.97
2024-11-02,西北,耳机,孙八,长沙网络科技有限公司,32,8719.98,279039.36
2024-09-28,西南,键盘,赵六,郑州数据服务有限公司,36,7747.29,278902.44
2024-07-16,华中,投影仪,周九,南京电子商务有限公司,16,5932.08,94913.28
2025-03-15,华中,鼠标,周九,成都网络科技有限公司,21,7574.7,159068.7
2024-11-27,华东,平板电脑,郑十一,杭州信息技术有限公司,42,9817.77,412346.34
2024-10-30,华东,音箱,吴十,深圳科技有限公司,22,8762.15,192767.3
2025-02-17,华南,智能手机,吴十,深圳数据服务有限公司,47,1869.48,87865.56
2024-10-08,东北,智能手机,孙八,杭州软件开发有限公司,22,6420.96,141261.12
2024-08-28,东北,摄像头,陈十五,南京电子商务有限公司,35,4110.09,143853.15
2024-04-23,华南,存储设备,李十三,上海系统集成有限公司,35,841.04,29436.4
2024-10-27,华东,投影仪,李十三,南京电子商务有限公司,15,7594.28,113914.2
2025-03-09,华北,笔记本电脑,张三,广州智能科技有限公司,7,4714.95,33004.65
2024-09-26,西南,平板电脑,赵六,杭州网络科技有限公司,4,3286.99,13147.96
2024-06-19,华南,平板电脑,李四,武汉系统集成有限公司,27,5876.32,158660.64
2024-07-20,西南,路由器,王五,青岛信息技术有限公司,25,6387.25,159681.25
2024-11-09,华北,存储设备,张三,武汉智能科技有限公司,30,6560.09,196802.7
2024-06-07,华东,耳机,孙八,杭州信息技术有限公司,19,6937.3,131808.7
2024-10-22,东北,显示器,吴十,深圳软件开发有限公司,20,6569.92,131398.4
2024-11-21,华东,打印机,周九,青岛软件开发有限公司,13,9994.05,129922.65
2025-03-12,华北,笔记本电脑,李十三,深圳软件开发有限公司,23,5960.71,137096.33
2025-03-05,华中,摄像头,张三,武汉数据服务有限公司,18,576.93,10384.74
2024-08-12,华中,投影仪,赵六,武汉数据服务有限公司,48,5218.91,250507.68
2024-06-24,西北,显示器,李十三,深圳电子商务有限公司,23,2580.54,59352.42
2025-03-02,华中,平板电脑,李十三,武汉网络科技有限公司,47,7790.97,366175.59
2024-08-24,华中,耳机,张三,杭州信息技术有限公司,41,6640.24,272249.84
2024-05-04,华北,键盘,刘十四,杭州系统集成有限公司,24,7457.42,178978.08
2024-12-20,华北,音箱,郑十一,长沙智能科技有限公司,12,2407.55,28890.6
2024-11-20,华中,显示器,刘十四,长沙网络科技有限公司,11,2941.22,32353.42
2024-04-26,华南,投影仪,赵六,杭州软件开发有限公司,8,4949.15,39593.2
2024-10-08,华中,投影仪,郑十一,南京智能科技有限公司,47,6906.86,324622.42
2024-03-26,华北,音箱,李四,武汉智能科技有限公司,6,8011.48,48068.88
2025-02-26,华北,路由器,周九,郑州系统集成有限公司,24,6891.87,165404.88
2024-07-16,西南,笔记本电脑,王十二,南京科技有限公司,24,1529.29,36702.96
2024-07-10,东北,智能手机,李十三,武汉智能科技有限公司,21,9194.93,193093.53
2024-10-14,华东,平板电脑,张三,南京电子商务有限公司,45,3370.81,151686.45
2024-05-17,华东,打印机,郑十一,武汉软件开发有限公司,20,9961.31,199226.2
2025-02-25,东北,摄像头,郑十一,杭州系统集成有限公司,25,4809.62,120240.5
2024-06-06,西南,存储设备,李四,南京电子商务有限公司,38,7551.56,286959.28
2024-08-09,华东,摄像头,孙八,成都网络科技有限公司,40,4377.1,175084.0
2024-07-17,华中,键盘,李四,杭州软件开发有限公司,29,4724.61,137013.69
2025-02-12,华北,笔记本电脑,周九,长沙智能科技有限公司,24,5672.43,136138.32
2024-11-06,华东,存储设备,赵六,成都智能科技有限公司,13,9697.97,126073.61
2024-03-29,华东,投影仪,孙八,广州软件开发有限公司,41,6172.89,253088.49
2024-07-02,华东,办公软件,陈十五,南京科技有限公司,9,7976.29,71786.61
2024-07-16,华北,投影仪,王五,武汉数据服务有限公司,14,6070.64,84988.96
2024-06-01,华南,音箱,钱七,重庆软件开发有限公司,1,3134.11,3134.11
2024-04-01,华南,笔记本电脑,孙八,广州软件开发有限公司,8,6780.05,54240.4
2024-06-16,华北,笔记本电脑,王五,广州科技有限公司,38,3575.83,135881.54
2024-04-20,西南,耳机,陈十五,南京智能科技有限公司,27,5497.81,148440.87
2024-11-05,西北,打印机,王十二,南京电子商务有限公司,33,6139.83,202614.39
2025-02-19,西北,显示器,吴十,成都智能科技有限公司,47,7940.66,373211.02
2024-11-19,华中,鼠标,周九,杭州软件开发有限公司,2,1077.84,2155.68
2024-11-01,华东,智能手机,孙八,武汉数据服务有限公司,7,5157.55,36102.85
2024-08-06,西北,存储设备,王十二,南京科技有限公司,10,1123.98,11239.8
2025-01-18,西北,显示器,吴十,宁波软件开发有限公司,46,3589.26,165105.96
2025-03-13,华东,办公软件,李十三,成都智能科技有限公司,39,4586.89,178888.71
2024-07-07,西南,耳机,赵六,杭州系统集成有限公司,50,5737.68,286884.0
2024-10-09,西南,摄像头,李四,广州智能科技有限公司,22,8360.48,183930.56
2024-07-27,华北,平板电脑,李十三,广州电子商务有限公司,28,3468.97,97131.16
2024-05-01,华东,鼠标,李四,广州科技有限公司,5,1366.64,6833.2
2024-05-24,西北,笔记本电脑,王十二,南京科技有限公司,48,4040.15,193927.2
2024-05-20,西南,键盘,李十三,深圳电子商务有限公司,36,3631.64,130739.04
2024-04-14,华北,路由器,钱七,广州科技有限公司,28,8746.88,244912.64
2024-07-05,华南,存储设备,吴十,青岛信息技术有限公司,7,5990.23,41931.61
2024-12-28,华北,智能手机,陈十五,长沙智能科技有限公司,7,3826.08,26782.56
2024-10-24,华中,音箱,陈十五,武汉系统集成有限公司,37,2648.51,97994.87
2024-12-29,华东,路由器,李十三,郑州数据服务有限公司,40,6912.28,276491.2
2024-08-05,东北,投影仪,钱七,长沙网络科技有限公司,18,775.06,13951.08
2024-05-31,西北,存储设备,周九,大连科技有限公司,23,558.0,12834.0
2024-04-03,华东,摄像头,郑十一,成都网络科技有限公司,10,7539.21,75392.1
2024-09-09,华南,键盘,钱七,福州系统集成有限公司,25,4488.41,112210.25
2025-01-03,西北,智能手机,张三,南京系统集成有限公司,21,7879.94,165478.74
2024-04-13,东北,智能手机,钱七,长沙数据服务有限公司,11,7667.14,84338.54
2025-01-23,西南,鼠标,钱七,成都网络科技有限公司,43,4528.14,194710.02
2024-09-11,西南,智能手机,钱七,杭州软件开发有限公司,49,5367.29,262997.21
2024-12-13,东北,显示器,张三,青岛信息技术有限公司,44,6134.78,269930.32
2024-04-16,华东,打印机,钱七,成都网络科技有限公司,26,9852.23,256157.98
2024-07-27,华北,键盘,李四,深圳科技有限公司,50,1803.73,90186.5
2024-06-16,华南,鼠标,郑十一,南京电子商务有限公司,32,7596.63,243092.16
2025-02-24,华中,键盘,李四,深圳软件开发有限公司,15,5252.49,78787.35
2024-03-28,西南,智能手机,孙八,青岛软件开发有限公司,48,901.87,43289.76
2025-03-17,东北,鼠标,钱七,福州科技有限公司,28,5947.3,166524.4
2024-09-01,华南,投影仪,王十二,武汉智能科技有限公司,26,698.14,18151.64
2024-05-03,西南,办公软件,李四,广州软件开发有限公司,45,9237.81,415701.45
2024-12-12,华东,鼠标,钱七,广州科技有限公司,28,6094.28,170639.84
2024-06-13,华东,音箱,李十三,福州科技有限公司,22,2604.93,57308.46
2024-09-13,华北,摄像头,李十三,南京系统集成有限公司,34,5344.54,181714.36
2024-07-28,华南,平板电脑,王十二,南京系统集成有限公司,16,1476.64,23626.24
2024-04-26,华南,投影仪,李十三,南京电子商务有限公司,49,7711.95,377885.55
2025-01-09,西南,存储设备,王十二,成都智能科技有限公司,30,7667.24,230017.2
2024-08-31,华中,存储设备,孙八,南京系统集成有限公司,41,9872.05,404754.05
2024-10-31,东北,显示器,陈十五,长沙智能科技有限公司,29,1148.72,33312.88
2024-12-03,华东,显示器,吴十,长沙数据服务有限公司,38,1033.64,39278.32
2024-08-12,华东,存储设备,李四,武汉系统集成有限公司,3,1040.46,3121.38
2024-11-10,西北,音箱,陈十五,广州科技有限公司,39,5317.14,207368.46
2025-01-05,东北,打印机,孙八,武汉数据服务有限公司,3,4772.47,14317.41
2024-04-19,西南,智能手机,陈十五,长沙网络科技有限公司,31,5262.99,163152.69
2025-02-12,华南,笔记本电脑,赵六,南京电子商务有限公司,46,1301.13,59851.98
2024-12-12,西北,路由器,王五,南京智能科技有限公司,29,9914.37,287516.73
2024-10-03,西南,投影仪,孙八,杭州软件开发有限公司,24,9220.4,221289.6
2025-02-05,东北,键盘,李四,长沙网络科技有限公司,39,997.47,38901.33
2024-10-02,华北,显示器,刘十四,成都网络科技有限公司,7,5800.65,40604.55
2024-09-05,华东,路由器,李十三,南京系统集成有限公司,39,8796.16,343050.24
2025-02-17,东北,存储设备,周九,武汉软件开发有限公司,23,3447.2,79285.6
2024-05-01,华北,音箱,周九,成都智能科技有限公司,39,7233.92,282122.88
2025-02-25,东北,办公软件,刘十四,杭州软件开发有限公司,22,8225.26,180955.72
2025-02-25,西南,音箱,孙八,杭州网络科技有限公司,34,1387.8,47185.2
2024-07-06,华北,投影仪,吴十,青岛智能科技有限公司,24,3434.23,82421.52
2024-06-06,华东,显示器,陈十五,武汉网络科技有限公司,15,9999.78,149996.7
2024-12-13,华东,存储设备,孙八,重庆软件开发有限公司,33,7823.31,258169.23
2024-09-27,华南,平板电脑,王五,郑州数据服务有限公司,40,1744.97,69798.8
2024-06-11,东北,耳机,张三,杭州系统集成有限公司,50,6435.03,321751.5
2024-07-18,西南,路由器,钱七,深圳电子商务有限公司,24,6925.45,166210.8
2024-07-16,西北,打印机,钱七,广州电子商务有限公司,48,7946.1,381412.8
2025-01-05,西南,耳机,陈十五,上海系统集成有限公司,13,3994.49,51928.37
2024-12-14,西南,平板电脑,赵六,武汉数据服务有限公司,50,4127.79,206389.5
2024-04-14,东北,耳机,孙八,南京科技有限公司,9,8793.52,79141.68
2024-12-08,华中,智能手机,钱七,北京信息技术有限公司,7,7258.31,50808.17
2024-11-04,西北,平板电脑,周九,北京信息技术有限公司,49,2022.97,99125.53
2024-09-13,华东,鼠标,张三,深圳软件开发有限公司,15,8258.68,123880.2
2024-10-02,华东,键盘,赵六,杭州网络科技有限公司,33,4052.63,133736.79
2025-02-14,华北,投影仪,王五,武汉软件开发有限公司,21,9342.85,196199.85
2024-11-15,东北,办公软件,王五,深圳电子商务有限公司,3,3225.35,9676.05
2025-01-28,华东,智能手机,张三,深圳数据服务有限公司,46,4956.55,228001.3
2024-12-24,东北,路由器,郑十一,长沙电子商务有限公司,14,8432.15,118050.1
2024-07-18,华北,智能手机,张三,广州软件开发有限公司,8,7873.64,62989.12
2025-01-31,西南,智能手机,李四,南京电子商务有限公司,27,6570.04,177391.08
2025-02-05,西北,路由器,赵六,南京电子商务有限公司,39,5592.51,218107.89
2024-03-19,西北,键盘,赵六,青岛软件开发有限公司,10,3267.08,32670.8
2025-02-24,华东,音箱,孙八,大连科技有限公司,27,2279.48,61545.96
2024-12-03,西北,笔记本电脑,周九,广州电子商务有限公司,34,5668.78,192738.52
2024-09-26,华北,摄像头,张三,广州科技有限公司,3,6538.87,19616.61
2025-02-18,东北,智能手机,陈十五,杭州信息技术有限公司,5,3775.62,18878.1
2024-05-26,华东,键盘,郑十一,长沙网络科技有限公司,48,7688.45,369045.6
2025-03-04,西南,摄像头,吴十,郑州系统集成有限公司,42,2163.35,90860.7
2024-04-20,东北,投影仪,吴十,南京电子商务有限公司,12,8209.23,98510.76
2024-06-29,华东,键盘,钱七,宁波软件开发有限公司,19,2415.11,45887.09
2024-12-22,西南,显示器,张三,深圳电子商务有限公司,26,9896.67,257313.42
2024-09-17,华中,投影仪,张三,成都智能科技有限公司,42,2315.48,97250.16
2024-09-23,西南,鼠标,刘十四,长沙数据服务有限公司,22,3095.56,68102.32
2024-06-22,西南,摄像头,吴十,南京智能科技有限公司,25,3720.85,93021.25
2024-04-30,东北,鼠标,李四,长沙电子商务有限公司,34,3033.85,103150.9
2024-06-19,西北,显示器,孙八,武汉网络科技有限公司,39,9953.43,388183.77
2024-08-17,华北,耳机,王十二,南京电子商务有限公司,6,3615.24,21691.44
2024-11-01,华北,耳机,张三,福州系统集成有限公司,28,2083.13,58327.64
2024-10-27,华北,存储设备,陈十五,深圳信息技术有限公司,23,6341.09,145845.07
2024-10-12,华北,音箱,陈十五,广州科技有限公司,5,6876.25,34381.25
2024-04-03,华南,办公软件,王十二,杭州软件开发有限公司,44,2019.87,88874.28
2024-04-22,华南,投影仪,李十三,南京智能科技有限公司,29,830.59,24087.11
2025-01-03,华东,路由器,王五,杭州软件开发有限公司,24,4137.12,99290.88
2024-09-25,西南,投影仪,李四,青岛软件开发有限公司,29,9513.82,275900.78
2024-10-08,华北,存储设备,钱七,广州软件开发有限公司,9,5529.87,49768.83
2024-06-22,西南,音箱,周九,南京科技有限公司,8,746.18,5969.44
2024-07-30,东北,耳机,赵六,武汉系统集成有限公司,8,2986.88,23895.04
2024-11-25,华南,智能手机,王五,大连科技有限公司,19,7092.82,134763.58
2024-11-01,华东,投影仪,李十三,广州智能科技有限公司,29,2140.24,62066.96
2024-04-21,西北,音箱,钱七,深圳软件开发有限公司,43,3800.54,163423.22
2025-03-12,东北,平板电脑,陈十五,南京智能科技有限公司,11,7262.19,79884.09
2024-06-29,华中,平板电脑,赵六,南京电子商务有限公司,33,2630.3,86799.9
2025-01-06,华北,耳机,陈十五,南京科技有限公司,2,3928.52,7857.04
2024-05-02,华东,显示器,周九,南京电子商务有限公司,9,6313.51,56821.59
2024-10-15,华中,鼠标,王十二,大连科技有限公司,47,5047.32,237224.04
2025-02-10,华东,耳机,吴十,杭州软件开发有限公司,9,9737.61,87638.49
2024-12-26,东北,路由器,王五,重庆软件开发有限公司,34,3772.89,128278.26
2024-04-16,华中,智能手机,郑十一,南京系统集成有限公司,9,4609.87,41488.83
2024-08-31,东北,打印机,孙八,杭州网络科技有限公司,20,2064.24,41284.8
2024-07-25,华南,存储设备,郑十一,长沙智能科技有限公司,19,8536.37,162191.03
2025-01-27,西北,智能手机,郑十一,成都智能科技有限公司,9,6437.71,57939.39
2025-01-10,华南,平板电脑,李十三,武汉系统集成有限公司,11,6122.18,67343.98
2024-09-07,华中,路由器,张三,杭州网络科技有限公司,47,9069.01,426243.47
2025-02-10,华中,路由器,钱七,成都智能科技有限公司,6,931.89,5591.34
2024-10-18,西北,存储设备,张三,南京电子商务有限公司,14,7786.11,109005.54
2025-02-10,华北,耳机,赵六,杭州软件开发有限公司,41,5682.99,233002.59
2024-04-25,东北,笔记本电脑,王五,长沙数据服务有限公司,26,3325.62,86466.12
2024-07-01,华北,路由器,王五,广州智能科技有限公司,27,5100.39,137710.53
2024-09-11,西南,平板电脑,陈十五,南京智能科技有限公司,46,3533.51,162541.46
2024-08-29,华南,耳机,李四,长沙智能科技有限公司,33,5835.69,192577.77
2024-05-07,华东,显示器,周九,武汉系统集成有限公司,29,2855.23,82801.67
2024-06-08,华中,键盘,王十二,福州系统集成有限公司,27,2858.57,77181.39
2024-06-08,西南,音箱,吴十,南京电子商务有限公司,21,2303.42,48371.82
2024-05-04,西南,音箱,吴十,广州软件开发有限公司,20,5225.02,104500.4
2024-04-12,华东,显示器,吴十,武汉数据服务有限公司,14,6041.77,84584.78
2024-08-12,西北,笔记本电脑,李四,长沙电子商务有限公司,42,6888.95,289335.9
2024-09-22,华中,鼠标,孙八,南京电子商务有限公司,9,8883.33,79949.97
2024-12-31,华南,键盘,郑十一,上海系统集成有限公司,26,986.0,25636.0
2024-11-04,华中,音箱,钱七,武汉系统集成有限公司,5,4170.31,20851.55
2024-05-23,华东,鼠标,孙八,长沙网络科技有限公司,44,6304.91,277416.04
2024-05-31,华南,路由器,郑十一,深圳软件开发有限公司,36,9420.01,339120.36
2024-04-07,华南,摄像头,孙八,广州电子商务有限公司,33,882.42,29119.86
2025-01-23,西北,平板电脑,孙八,武汉系统集成有限公司,34,4841.39,164607.26
2025-01-28,东北,办公软件,钱七,杭州信息技术有限公司,21,2043.77,42919.17
2024-12-04,西北,耳机,刘十四,青岛软件开发有限公司,22,5319.49,117028.78
2024-03-27,华北,键盘,李十三,福州科技有限公司,20,5011.48,100229.6
2025-03-06,东北,笔记本电脑,王十二,广州电子商务有限公司,27,6045.17,163219.59
2025-01-09,西北,打印机,刘十四,深圳信息技术有限公司,17,9687.17,164681.89
2024-12-12,东北,摄像头,王十二,重庆软件开发有限公司,38,5064.26,192441.88
2025-03-02,华南,笔记本电脑,王十二,郑州数据服务有限公司,25,1903.87,47596.75
2024-10-30,华北,鼠标,王五,杭州系统集成有限公司,8,2312.45,18499.6
2024-11-30,华中,路由器,吴十,广州科技有限公司,45,2436.97,109663.65
2024-05-28,西北,打印机,郑十一,广州智能科技有限公司,47,1091.67,51308.49
2024-09-27,华北,平板电脑,吴十,青岛科技有限公司,43,5044.52,216914.36
2025-02-28,华中,办公软件,刘十四,杭州软件开发有限公司,22,5689.6,125171.2
2024-08-01,西北,耳机,赵六,广州软件开发有限公司,42,8134.7,341657.4
2024-07-12,华北,投影仪,钱七,南京电子商务有限公司,18,5801.82,104432.76
2024-11-24,华北,耳机,孙八,南京科技有限公司,14,7057.28,98801.92
2024-05-20,西北,存储设备,郑十一,广州网络科技有限公司,47,3097.85,145598.95
2024-06-01,华北,笔记本电脑,钱七,南京电子商务有限公司,26,8274.59,215139.34
2024-10-31,东北,显示器,刘十四,广州电子商务有限公司,6,3790.45,22742.7
2024-12-19,华北,音箱,刘十四,长沙智能科技有限公司,14,2419.65,33875.1
2025-01-13,华南,打印机,张三,成都网络科技有限公司,9,1537.65,13838.85
2024-07-16,华东,智能手机,周九,长沙网络科技有限公司,34,2643.88,89891.92
2025-03-02,华中,平板电脑,张三,南京科技有限公司,46,4987.84,229440.64
2024-11-17,西南,存储设备,赵六,深圳电子商务有限公司,11,4365.62,48021.82
2025-02-12,华东,投影仪,李四,成都智能科技有限公司,19,3551.09,67470.71
2024-04-07,华南,鼠标,王五,南京电子商务有限公司,37,2706.09,100125.33
2024-06-22,东北,办公软件,钱七,南京电子商务有限公司,26,7985.63,207626.38
2025-01-21,华东,键盘,钱七,武汉智能科技有限公司,1,3334.73,3334.73
2024-11-26,华南,办公软件,郑十一,武汉智能科技有限公司,42,5661.35,237776.7
2024-05-15,华北,平板电脑,刘十四,武汉智能科技有限公司,18,2331.71,41970.78
2024-06-22,华东,摄像头,孙八,上海系统集成有限公司,42,2944.02,123648.84
2024-06-25,华南,路由器,李十三,深圳软件开发有限公司,37,6906.81,255551.97
2024-05-02,西南,存储设备,李四,重庆软件开发有限公司,28,5395.17,151064.76
2024-07-24,华东,显示器,周九,广州软件开发有限公司,9,5035.81,45322.29
2024-09-03,华北,路由器,刘十四,青岛软件开发有限公司,29,7660.69,222160.01
2024-09-19,东北,打印机,张三,成都网络科技有限公司,1,2984.75,2984.75
2024-06-08,西南,存储设备,郑十一,南京电子商务有限公司,8,4921.25,39370.0
2024-05-18,东北,显示器,孙八,武汉系统集成有限公司,50,3454.29,172714.5
2024-05-26,西南,平板电脑,吴十,广州科技有限公司,15,2581.72,38725.8
2025-03-13,西北,耳机,陈十五,青岛科技有限公司,39,4049.44,157928.16
2024-07-23,东北,投影仪,王十二,北京信息技术有限公司,43,8343.23,358758.89
2025-03-14,华北,智能手机,王十二,福州科技有限公司,34,4744.11,161299.74
2024-12-02,华南,路由器,郑十一,南京系统集成有限公司,4,8373.35,33493.4
2024-12-10,西南,智能手机,李十三,成都网络科技有限公司,11,3617.12,39788.32
2024-05-04,西北,耳机,陈十五,深圳信息技术有限公司,46,6039.9,277835.4
2024-10-17,西南,路由器,张三,南京科技有限公司,30,1753.47,52604.1
2024-08-23,东北,笔记本电脑,周九,深圳数据服务有限公司,30,6891.29,206738.7
2025-01-09,华东,笔记本电脑,周九,广州科技有限公司,1,7585.14,7585.14
2024-04-18,华东,耳机,张三,上海系统集成有限公司,45,1105.72,49757.4
2024-05-27,华中,存储设备,刘十四,成都智能科技有限公司,27,2209.82,59665.14
2024-09-30,西南,办公软件,周九,广州网络科技有限公司,27,4057.38,109549.26
2025-02-20,华中,音箱,王五,成都智能科技有限公司,6,6985.94,41915.64
2024-12-19,西南,音箱,王五,福州系统集成有限公司,23,1627.02,37421.46
2024-03-30,华北,耳机,李十三,福州系统集成有限公司,15,8430.81,126462.15
2024-09-29,华中,打印机,赵六,武汉智能科技有限公司,35,4529.22,158522.7
2024-06-23,东北,投影仪,李四,南京电子商务有限公司,23,1973.65,45393.95
2024-03-27,华南,打印机,李四,武汉网络科技有限公司,43,4482.79,192759.97
2025-01-19,东北,摄像头,张三,广州软件开发有限公司,39,818.97,31939.83
2024-10-29,华南,音箱,赵六,深圳电子商务有限公司,48,920.25,44172.0
2024-12-01,华北,打印机,刘十四,青岛软件开发有限公司,50,1036.22,51811.0
2025-02-26,华中,键盘,赵六,深圳软件开发有限公司,21,5986.01,125706.21
2024-12-10,华南,鼠标,钱七,长沙智能科技有限公司,10,9864.11,98641.1
2025-01-15,东北,平板电脑,李十三,杭州软件开发有限公司,4,5788.82,23155.28
2024-04-12,华北,存储设备,李十三,广州网络科技有限公司,28,5780.58,161856.24
2024-10-18,西南,平板电脑,钱七,广州网络科技有限公司,34,3527.98,119951.32
2024-11-16,华南,办公软件,赵六,深圳软件开发有限公司,12,7666.95,92003.4
2024-11-11,华东,音箱,周九,杭州系统集成有限公司,46,1871.34,86081.64
2024-10-03,华南,显示器,赵六,长沙网络科技有限公司,36,5534.92,199257.12
2024-11-04,华中,键盘,李四,青岛科技有限公司,42,1251.17,52549.14
2024-04-14,华北,鼠标,李十三,武汉数据服务有限公司,47,8379.36,393829.92
2024-04-25,华南,投影仪,陈十五,杭州信息技术有限公司,39,875.7,34152.3
2024-07-08,西南,打印机,孙八,深圳软件开发有限公司,47,6878.78,323302.66
2024-06-24,东北,智能手机,刘十四,深圳电子商务有限公司,1,2512.17,2512.17
2025-03-10,西北,摄像头,赵六,深圳软件开发有限公司,31,9187.19,284802.89
2024-08-10,西南,耳机,郑十一,成都智能科技有限公司,16,5744.75,91916.0
2024-09-19,西北,耳机,吴十,武汉网络科技有限公司,23,3430.01,78890.23
2024-08-29,华南,键盘,孙八,杭州系统集成有限公司,47,4960.16,233127.52
2024-07-10,东北,平板电脑,张三,深圳数据服务有限公司,3,5843.98,17531.94
2025-01-09,东北,鼠标,钱七,南京系统集成有限公司,36,9380.2,337687.2
2024-09-29,西北,办公软件,赵六,南京电子商务有限公司,13,3633.72,47238.36
2025-03-04,华北,显示器,陈十五,南京电子商务有限公司,36,6718.78,241876.08
2024-11-25,西南,平板电脑,刘十四,广州科技有限公司,47,6596.1,310016.7
2024-12-23,西南,平板电脑,郑十一,成都智能科技有限公司,11,1829.61,20125.71
2024-04-26,华中,存储设备,张三,深圳电子商务有限公司,4,5477.47,21909.88
2025-02-04,华南,智能手机,刘十四,南京系统集成有限公司,1,4417.73,4417.73
2024-11-07,华北,笔记本电脑,王十二,郑州系统集成有限公司,1,2577.84,2577.84
2024-11-21,东北,耳机,张三,深圳科技有限公司,43,9372.09,402999.87
2024-03-25,华东,音箱,刘十四,长沙智能科技有限公司,35,5740.61,200921.35
2024-03-27,西北,办公软件,刘十四,杭州软件开发有限公司,35,9786.05,342511.75
2024-06-18,华东,智能手机,郑十一,南京系统集成有限公司,28,8158.59,228440.52
2024-12-13,华北,办公软件,孙八,长沙智能科技有限公司,16,2323.35,37173.6
2024-10-12,西南,路由器,赵六,郑州数据服务有限公司,26,1250.68,32517.68
2024-04-29,东北,办公软件,李十三,深圳电子商务有限公司,15,3349.76,50246.4
2024-09-29,西南,音箱,吴十,深圳信息技术有限公司,3,1388.25,4164.75
2024-06-14,华东,耳机,周九,成都智能科技有限公司,41,589.78,24180.98
2024-05-06,西北,笔记本电脑,赵六,成都网络科技有限公司,22,5875.64,129264.08
2024-11-17,华北,笔记本电脑,李四,杭州软件开发有限公司,45,8931.77,401929.65
2025-01-01,东北,笔记本电脑,王五,广州智能科技有限公司,18,9043.46,162782.28
2025-01-13,华南,投影仪,刘十四,深圳软件开发有限公司,2,9633.96,19267.92
2025-01-01,华南,路由器,周九,杭州软件开发有限公司,5,3343.13,16715.65
2024-05-29,华中,摄像头,刘十四,北京信息技术有限公司,35,3651.43,127800.05
2024-09-12,华东,智能手机,周九,青岛信息技术有限公司,33,7581.84,250200.72
2025-01-27,西北,鼠标,陈十五,广州智能科技有限公司,5,3735.63,18678.15
2024-11-04,西南,打印机,孙八,南京科技有限公司,2,6524.17,13048.34
2025-03-02,西北,存储设备,周九,北京信息技术有限公司,25,4602.56,115064.0
2024-07-23,东北,智能手机,李四,长沙智能科技有限公司,50,6376.85,318842.5
2025-02-06,华南,摄像头,周九,广州智能科技有限公司,10,4110.0,41100.0
2024-03-21,华北,耳机,孙八,深圳电子商务有限公司,24,1512.23,36293.52
2024-05-02,华南,鼠标,吴十,南京科技有限公司,18,1471.2,26481.6
2024-05-10,华东,智能手机,孙八,南京科技有限公司,36,5368.19,193254.84
2024-09-01,华中,鼠标,张三,上海系统集成有限公司,6,6170.78,37024.68
2024-05-01,东北,音箱,赵六,青岛软件开发有限公司,27,4184.1,112970.7
2024-09-29,华南,平板电脑,钱七,深圳软件开发有限公司,34,2111.04,71775.36
2024-04-20,华南,鼠标,钱七,杭州系统集成有限公司,18,5184.68,93324.24
2024-04-27,华北,显示器,赵六,福州系统集成有限公司,20,5100.2,102004.0
2025-01-28,华南,耳机,李四,武汉软件开发有限公司,41,5210.12,213614.92
2024-10-07,华北,办公软件,王十二,广州网络科技有限公司,20,564.29,11285.8
2024-10-25,华中,办公软件,李十三,武汉数据服务有限公司,22,4682.12,103006.64
2025-01-21,东北,打印机,吴十,广州智能科技有限公司,9,3354.14,30187.26
2024-08-29,华北,摄像头,刘十四,郑州系统集成有限公司,12,9663.46,115961.52
2024-07-21,华北,鼠标,钱七,深圳软件开发有限公司,32,9693.75,310200.0
2025-01-01,华南,路由器,郑十一,重庆软件开发有限公司,24,1581.93,37966.32
2024-04-01,东北,耳机,刘十四,成都网络科技有限公司,44,7792.37,342864.28
2025-03-08,华东,办公软件,陈十五,杭州系统集成有限公司,29,8078.01,234262.29
2025-02-06,华北,打印机,钱七,成都网络科技有限公司,44,5243.38,230708.72
2024-09-28,华东,耳机,王十二,广州电子商务有限公司,10,7294.75,72947.5
2024-12-03,华中,摄像头,周九,青岛科技有限公司,38,4307.65,163690.7
2024-09-19,东北,投影仪,郑十一,武汉数据服务有限公司,3,8011.85,24035.55
2024-05-13,华中,打印机,李十三,成都网络科技有限公司,41,9186.81,376659.21
2025-01-26,华东,路由器,李十三,杭州软件开发有限公司,23,2080.22,47845.06
2024-09-04,华中,鼠标,李四,深圳科技有限公司,42,4296.37,180447.54
2024-12-05,东北,音箱,郑十一,杭州信息技术有限公司,7,2958.01,20706.07
2024-11-02,华北,鼠标,吴十,重庆软件开发有限公司,45,5964.74,268413.3
2024-11-30,华南,键盘,张三,广州电子商务有限公司,44,6091.6,268030.4
2024-05-01,华东,办公软件,刘十四,南京系统集成有限公司,7,3306.61,23146.27
2024-11-07,华中,打印机,郑十一,广州电子商务有限公司,23,3462.96,79648.08
2024-10-29,东北,摄像头,吴十,广州智能科技有限公司,23,5023.54,115541.42
2025-03-17,华东,笔记本电脑,孙八,成都智能科技有限公司,5,3352.51,16762.55
2024-06-11,东北,打印机,郑十一,重庆软件开发有限公司,7,6932.82,48529.74
2024-12-30,西南,耳机,赵六,深圳软件开发有限公司,36,2021.29,72766.44
2025-02-09,东北,鼠标,周九,杭州网络科技有限公司,41,2252.29,92343.89
2024-06-28,西南,路由器,周九,广州网络科技有限公司,48,6334.02,304032.96
2024-07-02,华北,投影仪,刘十四,大连科技有限公司,1,7194.99,7194.99
2024-12-18,华南,键盘,孙八,青岛智能科技有限公司,37,1466.64,54265.68
2025-02-25,华中,耳机,郑十一,郑州系统集成有限公司,30,1582.57,47477.1
2025-01-25,西南,路由器,李四,广州科技有限公司,21,6171.22,129595.62
2025-01-29,华南,办公软件,李十三,南京电子商务有限公司,23,8532.42,196245.66
2025-01-15,华东,存储设备,王五,广州智能科技有限公司,20,9227.48,184549.6
2024-05-17,华南,键盘,刘十四,南京系统集成有限公司,8,2766.44,22131.52
2025-01-18,华南,路由器,周九,长沙电子商务有限公司,33,4190.4,138283.2
2024-12-19,东北,存储设备,王五,南京科技有限公司,12,5123.37,61480.44
2024-05-29,华南,键盘,吴十,武汉系统集成有限公司,11,5151.6,56667.6
2024-03-23,西南,平板电脑,赵六,广州网络科技有限公司,4,8722.46,34889.84
2024-11-27,西南,存储设备,吴十,杭州系统集成有限公司,36,5301.66,190859.76
2024-11-24,华南,智能手机,王十二,杭州网络科技有限公司,46,8478.97,390032.62
2024-04-04,华北,打印机,郑十一,上海系统集成有限公司,49,2595.03,127156.47
2025-01-02,东北,投影仪,陈十五,南京电子商务有限公司,11,7917.03,87087.33
2025-01-06,华东,显示器,陈十五,青岛科技有限公司,36,5352.66,192695.76
2024-04-09,华中,摄像头,吴十,青岛科技有限公司,24,5649.41,135585.84
2024-05-10,东北,办公软件,李十三,深圳电子商务有限公司,14,9902.87,138640.18
2024-04-04,西南,显示器,孙八,北京信息技术有限公司,16,3328.23,53251.68
2024-05-18,华中,投影仪,赵六,成都网络科技有限公司,29,8720.26,252887.54
2024-09-14,华中,摄像头,王十二,郑州系统集成有限公司,48,6085.28,292093.44
2024-05-29,华中,打印机,赵六,深圳信息技术有限公司,28,2076.83,58151.24
2024-08-09,西北,音箱,王五,广州智能科技有限公司,37,3832.75,141811.75
2025-01-06,华北,办公软件,郑十一,杭州软件开发有限公司,46,3280.03,150881.38
2024-10-15,华东,显示器,李十三,武汉软件开发有限公司,7,1788.09,12516.63
2024-07-24,华南,摄像头,孙八,广州软件开发有限公司,45,8727.75,392748.75
2024-10-06,西南,平板电脑,王十二,郑州系统集成有限公司,49,8513.78,417175.22
2024-09-27,西南,智能手机,李十三,重庆软件开发有限公司,18,6464.22,116355.96
2024-08-08,东北,键盘,吴十,南京电子商务有限公司,6,4327.08,25962.48
2024-05-05,东北,耳机,李十三,成都网络科技有限公司,21,6028.58,126600.18
2024-04-20,华中,音箱,周九,成都网络科技有限公司,45,3903.12,175640.4
2024-11-27,华北,键盘,钱七,长沙网络科技有限公司,28,8336.05,233409.4
2025-01-02,华中,耳机,陈十五,长沙网络科技有限公司,36,5990.37,215653.32
2024-04-11,华东,存储设备,陈十五,武汉智能科技有限公司,44,7741.41,340622.04
2024-06-07,西南,耳机,张三,长沙电子商务有限公司,2,1680.25,3360.5
2024-05-25,东北,显示器,王五,长沙智能科技有限公司,13,9959.09,129468.17
2024-07-25,华东,键盘,李十三,成都智能科技有限公司,6,6718.59,40311.54
2025-02-02,华北,摄像头,刘十四,深圳电子商务有限公司,11,991.98,10911.78
2024-05-04,东北,智能手机,张三,成都网络科技有限公司,15,4577.69,68665.35
2025-01-16,华南,音箱,李十三,长沙数据服务有限公司,31,1240.42,38453.02
2024-09-10,华中,智能手机,周九,郑州数据服务有限公司,1,576.59,576.59
2024-07-14,西南,智能手机,刘十四,武汉网络科技有限公司,9,5038.15,45343.35
2024-08-19,华南,鼠标,陈十五,深圳电子商务有限公司,7,3476.84,24337.88
2025-02-28,华南,智能手机,郑十一,青岛软件开发有限公司,9,6594.97,59354.73
2024-06-11,西南,键盘,刘十四,成都网络科技有限公司,1,6298.03,6298.03
2024-10-15,西北,存储设备,吴十,成都网络科技有限公司,41,7608.55,311950.55
2024-05-29,华中,智能手机,王十二,福州系统集成有限公司,6,9017.63,54105.78
2024-10-24,华北,投影仪,王五,广州软件开发有限公司,25,3839.59,95989.75
2024-07-24,西北,路由器,王十二,福州系统集成有限公司,18,6623.9,119230.2
2025-03-07,华东,办公软件,李十三,深圳软件开发有限公司,39,3206.75,125063.25
2024-12-04,华南,摄像头,周九,上海系统集成有限公司,14,5418.62,75860.68
2024-07-19,西南,鼠标,李四,广州软件开发有限公司,42,1018.41,42773.22
2024-04-24,西北,笔记本电脑,孙八,广州智能科技有限公司,32,6561.78,209976.96
2025-01-04,西南,键盘,郑十一,杭州软件开发有限公司,9,4174.96,37574.64
2024-04-25,华东,路由器,李四,深圳科技有限公司,12,7745.9,92950.8
2024-04-18,华中,鼠标,郑十一,上海系统集成有限公司,17,2549.56,43342.52
2024-10-17,西南,摄像头,周九,北京信息技术有限公司,41,7269.98,298069.18
2025-01-28,华南,显示器,李四,深圳软件开发有限公司,41,5597.37,229492.17
2024-07-01,华中,平板电脑,郑十一,广州智能科技有限公司,6,5357.39,32144.34
2025-02-14,东北,存储设备,李四,深圳软件开发有限公司,26,6071.15,157849.9
2024-07-19,华东,打印机,李四,长沙电子商务有限公司,45,4656.12,209525.4
2025-01-24,华东,显示器,李十三,广州科技有限公司,8,4807.03,38456.24
2024-05-19,华东,摄像头,王五,郑州数据服务有限公司,43,7536.25,324058.75
2024-09-12,西北,音箱,陈十五,福州系统集成有限公司,1,2056.41,2056.41
2024-05-22,东北,投影仪,钱七,福州系统集成有限公司,17,2086.15,35464.55
2024-04-03,华北,投影仪,周九,长沙智能科技有限公司,8,7828.59,62628.72
2025-03-18,西北,存储设备,李四,南京电子商务有限公司,34,1106.78,37630.52
2024-04-16,西南,办公软件,王十二,杭州科技有限公司,30,5352.43,160572.9
2024-05-10,西北,存储设备,刘十四,福州科技有限公司,24,1994.44,47866.56
2024-03-20,华东,办公软件,张三,广州软件开发有限公司,15,7537.41,113061.15
2024-10-01,华南,平板电脑,张三,南京科技有限公司,3,4981.76,14945.28
2024-10-19,华南,键盘,赵六,杭州系统集成有限公司,46,7536.33,346671.18
2024-04-27,西北,键盘,李四,宁波软件开发有限公司,47,3539.38,166350.86
2024-06-18,华南,投影仪,郑十一,南京电子商务有限公司,44,9068.44,399011.36
2024-11-12,华中,显示器,陈十五,深圳软件开发有限公司,26,1154.8,30024.8
2024-11-07,华东,键盘,赵六,上海系统集成有限公司,21,1320.66,27733.86
2025-01-31,华南,耳机,孙八,杭州信息技术有限公司,37,7952.82,294254.34
2024-06-27,东北,音箱,陈十五,广州软件开发有限公司,32,9978.98,319327.36
2024-10-14,华东,打印机,郑十一,广州科技有限公司,10,560.59,5605.9
2024-03-23,华北,笔记本电脑,陈十五,成都网络科技有限公司,41,8475.95,347513.95
2024-08-23,华东,打印机,郑十一,广州软件开发有限公司,25,8565.56,214139.0
2024-04-18,华南,摄像头,钱七,北京信息技术有限公司,27,5174.27,139705.29
2024-12-10,西南,摄像头,孙八,武汉智能科技有限公司,3,9252.11,27756.33
2024-05-06,西北,平板电脑,李十三,深圳软件开发有限公司,48,1306.57,62715.36
2024-04-19,西南,存储设备,王五,广州软件开发有限公司,5,6123.01,30615.05
2024-08-27,华中,鼠标,刘十四,广州科技有限公司,19,2979.41,56608.79
2024-08-05,华南,智能手机,赵六,武汉软件开发有限公司,21,3521.55,73952.55
2024-05-13,华南,智能手机,王五,长沙数据服务有限公司,50,7816.39,390819.5
2024-05-19,西北,键盘,陈十五,成都网络科技有限公司,30,3483.32,104499.6
2024-08-01,华中,智能手机,李四,杭州科技有限公司,29,3428.92,99438.68
2025-03-14,东北,路由器,张三,成都网络科技有限公司,44,3390.04,149161.76
2025-03-18,华南,键盘,周九,宁波软件开发有限公司,21,1909.08,40090.68
2024-07-30,华中,平板电脑,张三,深圳软件开发有限公司,4,6933.24,27732.96
2024-12-25,华南,智能手机,吴十,武汉网络科技有限公司,29,5781.56,167665.24
2024-04-19,华中,投影仪,赵六,武汉软件开发有限公司,9,1653.81,14884.29
2024-09-25,东北,存储设备,李十三,北京信息技术有限公司,13,8324.9,108223.7
2024-04-26,华东,智能手机,赵六,成都智能科技有限公司,38,6068.13,230588.94
2024-05-05,华中,办公软件,陈十五,长沙网络科技有限公司,29,8188.34,237461.86
2024-11-10,华东,平板电脑,王十二,长沙电子商务有限公司,8,905.62,7244.96
2024-04-03,西南,存储设备,周九,重庆软件开发有限公司,47,4252.49,199867.03
2024-06-22,华北,显示器,吴十,南京系统集成有限公司,23,2539.8,58415.4
2025-01-28,华南,存储设备,钱七,南京电子商务有限公司,3,6334.01,19002.03
2024-11-19,华东,智能手机,钱七,广州网络科技有限公司,27,8886.4,239932.8
2025-02-11,华中,音箱,赵六,郑州系统集成有限公司,9,4482.73,40344.57
2024-09-30,华中,摄像头,孙八,广州电子商务有限公司,35,8051.04,281786.4
2024-09-11,西北,音箱,孙八,广州网络科技有限公司,35,7923.63,277327.05
2024-08-29,西北,打印机,张三,重庆软件开发有限公司,18,2208.25,39748.5
2024-11-15,西北,键盘,陈十五,杭州信息技术有限公司,18,1056.62,19019.16
2024-05-09,华南,存储设备,赵六,长沙智能科技有限公司,15,9752.81,146292.15
2024-04-16,华中,打印机,王十二,广州网络科技有限公司,35,8254.71,288914.85
2024-06-15,华南,打印机,王十二,广州智能科技有限公司,23,9384.46,215842.58
2025-01-15,华东,摄像头,刘十四,广州科技有限公司,48,7127.45,342117.6
2025-01-01,华南,办公软件,陈十五,南京电子商务有限公司,37,5854.26,216607.62
2024-11-25,华东,智能手机,张三,青岛信息技术有限公司,35,3436.0,120260.0
2024-12-13,西南,笔记本电脑,孙八,武汉系统集成有限公司,39,2578.68,100568.52
2024-09-09,东北,平板电脑,陈十五,广州智能科技有限公司,13,8161.23,106095.99
2025-01-13,东北,平板电脑,陈十五,福州科技有限公司,4,708.17,2832.68
2024-04-25,华北,摄像头,李十三,深圳软件开发有限公司,34,8676.36,294996.24
2024-08-20,华北,平板电脑,王五,福州系统集成有限公司,38,1459.81,55472.78
2024-11-23,东北,键盘,王五,南京电子商务有限公司,28,8022.5,224630.0
2025-01-27,华中,键盘,赵六,成都网络科技有限公司,36,7088.82,255197.52
2024-09-28,华北,摄像头,刘十四,上海系统集成有限公司,38,8237.32,313018.16
2024-03-19,东北,路由器,周九,重庆软件开发有限公司,9,2188.23,19694.07
2025-01-21,华北,投影仪,王十二,青岛信息技术有限公司,37,807.64,29882.68
2024-11-28,华南,键盘,刘十四,大连科技有限公司,41,5872.73,240781.93
2024-08-29,华南,存储设备,李四,南京电子商务有限公司,16,3794.7,60715.2
2024-09-06,西南,笔记本电脑,钱七,成都网络科技有限公司,43,6571.48,282573.64
2024-09-14,华北,投影仪,李四,福州系统集成有限公司,16,7085.17,113362.72
2024-10-29,东北,鼠标,王五,杭州系统集成有限公司,1,957.4,957.4
2024-09-14,西北,鼠标,李四,广州电子商务有限公司,32,8876.82,284058.24
2025-03-05,华南,平板电脑,吴十,大连科技有限公司,37,6684.21,247315.77
2024-08-29,华北,智能手机,李四,长沙网络科技有限公司,3,3301.63,9904.89
2024-06-09,东北,智能手机,郑十一,北京信息技术有限公司,11,8935.35,98288.85
2025-01-27,西南,摄像头,张三,长沙电子商务有限公司,22,6143.29,135152.38
2024-10-27,华南,笔记本电脑,李四,长沙网络科技有限公司,42,2067.47,86833.74
2024-10-14,东北,音箱,刘十四,福州系统集成有限公司,14,9756.78,136594.92
2024-08-10,华北,打印机,李四,深圳信息技术有限公司,35,3020.02,105700.7
2024-11-25,华南,笔记本电脑,孙八,深圳科技有限公司,26,5931.81,154227.06
2025-02-20,东北,路由器,吴十,青岛智能科技有限公司,28,1332.47,37309.16
2024-06-14,东北,显示器,李四,广州电子商务有限公司,7,744.49,5211.43
2024-10-08,西南,耳机,李十三,深圳数据服务有限公司,8,3429.36,27434.88
2024-10-03,华南,键盘,周九,南京智能科技有限公司,6,6597.73,39586.38
2024-07-31,西南,耳机,钱七,青岛信息技术有限公司,12,4734.87,56818.44
2024-06-04,华中,摄像头,李十三,武汉网络科技有限公司,18,5860.34,105486.12
2024-12-21,西南,投影仪,王十二,青岛信息技术有限公司,6,6847.34,41084.04
2024-10-03,华中,音箱,周九,青岛科技有限公司,36,1079.35,38856.6
2024-11-17,西北,打印机,吴十,深圳软件开发有限公司,44,8735.49,384361.56
2024-04-05,西北,路由器,郑十一,青岛软件开发有限公司,6,4250.64,25503.84
2024-06-02,华东,投影仪,吴十,重庆软件开发有限公司,44,9836.17,432791.48
2024-06-25,华南,笔记本电脑,周九,北京信息技术有限公司,11,9735.57,107091.27
2025-02-03,华南,办公软件,王十二,深圳数据服务有限公司,44,4636.24,203994.56
2024-04-22,华东,鼠标,郑十一,深圳软件开发有限公司,21,9152.64,192205.44
2024-08-07,西北,耳机,张三,郑州数据服务有限公司,36,3598.2,129535.2
2024-10-19,华东,鼠标,王五,南京系统集成有限公司,40,6081.97,243278.8
2024-05-09,华东,路由器,陈十五,武汉网络科技有限公司,37,6085.37,225158.69
2024-09-11,西南,显示器,周九,成都智能科技有限公司,19,8741.02,166079.38
2024-11-16,华东,平板电脑,钱七,深圳软件开发有限公司,32,5934.22,189895.04
2025-03-02,东北,鼠标,张三,深圳软件开发有限公司,10,6373.32,63733.2
2024-04-13,东北,耳机,钱七,南京智能科技有限公司,22,7059.88,155317.36
2024-08-21,华北,显示器,吴十,郑州数据服务有限公司,2,3709.73,7419.46
2024-07-13,华南,显示器,刘十四,长沙数据服务有限公司,44,1433.07,63055.08
2024-08-03,东北,鼠标,王十二,成都智能科技有限公司,50,8345.32,417266.0
2024-07-05,华中,鼠标,刘十四,南京电子商务有限公司,6,2285.39,13712.34
2024-09-26,华中,笔记本电脑,郑十一,杭州科技有限公司,49,5406.76,264931.24
2024-12-03,西南,平板电脑,陈十五,杭州网络科技有限公司,5,3455.67,17278.35
2024-06-25,华中,打印机,张三,广州软件开发有限公司,37,775.01,28675.37
2024-09-19,东北,打印机,钱七,南京智能科技有限公司,3,4836.26,14508.78
2025-02-07,华东,存储设备,张三,广州软件开发有限公司,30,5298.7,158961.0
2024-11-02,华南,办公软件,吴十,杭州信息技术有限公司,24,5143.47,123443.28
2024-06-10,华中,显示器,刘十四,郑州数据服务有限公司,36,3822.72,137617.92
2024-10-02,华东,平板电脑,王十二,重庆软件开发有限公司,6,3208.16,19248.96
2025-02-13,华南,存储设备,赵六,长沙智能科技有限公司,14,8642.56,120995.84
2024-03-29,华中,投影仪,陈十五,杭州软件开发有限公司,42,4390.32,184393.44
2024-05-25,东北,平板电脑,王十二,深圳科技有限公司,1,5003.92,5003.92
2024-08-22,东北,摄像头,李十三,长沙智能科技有限公司,15,2897.71,43465.65
2024-09-13,西南,显示器,赵六,武汉智能科技有限公司,28,9007.09,252198.52
2025-02-01,西南,路由器,李四,深圳科技有限公司,20,6933.36,138667.2
2024-09-26,西北,存储设备,王十二,武汉数据服务有限公司,33,9994.58,329821.14
2024-05-13,西南,智能手机,孙八,长沙智能科技有限公司,19,3335.52,63374.88
2024-08-07,华北,存储设备,刘十四,成都智能科技有限公司,41,3588.8,147140.8
2024-12-08,华中,打印机,张三,武汉数据服务有限公司,20,2289.42,45788.4
2025-03-02,华南,摄像头,张三,成都智能科技有限公司,26,6775.04,176151.04
2024-07-29,西南,鼠标,周九,广州科技有限公司,32,9975.96,319230.72
2025-01-05,华中,打印机,孙八,福州系统集成有限公司,3,6038.73,18116.19
2024-12-17,东北,投影仪,吴十,成都网络科技有限公司,46,2612.45,120172.7
2024-06-14,华中,存储设备,郑十一,重庆软件开发有限公司,23,5319.49,122348.27
2024-05-23,东北,显示器,刘十四,南京科技有限公司,19,1427.23,27117.37
2025-03-02,华北,存储设备,李四,青岛信息技术有限公司,49,9169.94,449327.06
2024-08-23,西南,投影仪,孙八,南京智能科技有限公司,23,2621.62,60297.26
2024-11-11,华中,智能手机,吴十,深圳信息技术有限公司,17,6062.92,103069.64
2025-01-30,华东,耳机,赵六,宁波软件开发有限公司,41,6043.96,247802.36
2024-09-30,西北,显示器,周九,深圳信息技术有限公司,8,8741.23,69929.84
2024-06-29,华北,鼠标,王十二,武汉智能科技有限公司,10,1804.97,18049.7
2024-06-19,华中,智能手机,吴十,长沙网络科技有限公司,10,3505.64,35056.4
2024-08-26,东北,笔记本电脑,张三,长沙数据服务有限公司,41,9873.08,404796.28
2024-06-13,西北,投影仪,王五,南京电子商务有限公司,18,2489.13,44804.34
2024-05-24,西北,鼠标,李十三,长沙电子商务有限公司,49,7907.65,387474.85
2024-11-18,西南,笔记本电脑,张三,青岛科技有限公司,26,4575.74,118969.24
2024-03-26,华北,投影仪,郑十一,青岛智能科技有限公司,13,7441.26,96736.38
2025-02-02,东北,打印机,赵六,郑州数据服务有限公司,2,6929.11,13858.22
2024-05-10,西南,音箱,王十二,深圳软件开发有限公司,23,3464.88,79692.24
2024-04-11,华北,显示器,吴十,福州系统集成有限公司,11,1120.23,12322.53
2024-09-07,西南,存储设备,王五,长沙网络科技有限公司,34,6165.51,209627.34
2024-06-23,华南,投影仪,周九,杭州网络科技有限公司,32,3912.88,125212.16
2024-05-25,华南,摄像头,张三,杭州信息技术有限公司,15,2631.05,39465.75
2024-09-22,东北,存储设备,陈十五,南京电子商务有限公司,33,2105.36,69476.88
2024-07-27,华中,音箱,王十二,深圳信息技术有限公司,25,8827.17,220679.25
2025-02-20,华东,存储设备,张三,深圳信息技术有限公司,39,9949.46,388028.94
2024-11-01,西南,智能手机,郑十一,深圳数据服务有限公司,45,1600.0,72000.0
2024-07-02,东北,存储设备,李十三,深圳科技有限公司,31,7167.75,222200.25
2024-05-09,东北,音箱,钱七,武汉系统集成有限公司,20,4498.28,89965.6
2024-10-19,华中,智能手机,郑十一,福州系统集成有限公司,39,7156.9,279119.1
2024-05-16,华中,智能手机,吴十,青岛智能科技有限公司,40,1618.48,64739.2
2024-07-31,华中,音箱,赵六,广州科技有限公司,39,2397.62,93507.18
2024-06-09,华东,音箱,吴十,成都网络科技有限公司,46,4392.68,202063.28
2024-09-04,华南,笔记本电脑,张三,成都网络科技有限公司,45,9364.68,421410.6
2025-01-06,东北,耳机,王五,北京信息技术有限公司,6,9115.36,54692.16
2024-05-09,华北,存储设备,赵六,武汉智能科技有限公司,50,5361.2,268060.0
2024-04-13,华东,办公软件,王五,南京电子商务有限公司,19,3009.19,57174.61
2025-02-28,华北,鼠标,刘十四,福州科技有限公司,19,3922.04,74518.76
2024-04-11,华东,办公软件,王五,成都网络科技有限公司,7,8586.84,60107.88
2024-09-18,西南,路由器,钱七,福州系统集成有限公司,42,2119.87,89034.54
2024-09-10,华南,智能手机,周九,深圳软件开发有限公司,6,4039.91,24239.46
2024-10-02,东北,办公软件,吴十,杭州系统集成有限公司,30,3082.41,92472.3
2024-06-12,华东,平板电脑,刘十四,福州系统集成有限公司,42,8918.18,374563.56
2024-06-08,华东,鼠标,王十二,广州电子商务有限公司,4,9824.91,39299.64
2024-06-19,西北,鼠标,陈十五,广州科技有限公司,37,6944.73,256955.01
2025-03-04,华中,摄像头,王五,广州电子商务有限公司,40,773.75,30950.0
2024-10-15,西南,笔记本电脑,李四,深圳数据服务有限公司,32,1572.91,50333.12
2025-03-14,华中,存储设备,郑十一,重庆软件开发有限公司,42,3485.26,146380.92
2025-01-02,华南,存储设备,孙八,杭州网络科技有限公司,48,5978.17,286952.16
2025-01-29,华东,鼠标,李十三,福州系统集成有限公司,34,7038.3,239302.2
2025-02-21,东北,存储设备,周九,南京系统集成有限公司,16,5078.33,81253.28
2025-01-26,华东,笔记本电脑,李十三,杭州科技有限公司,36,8974.59,323085.24
2024-11-27,华中,平板电脑,李四,深圳电子商务有限公司,33,8564.03,282612.99
2024-09-04,华北,笔记本电脑,郑十一,青岛信息技术有限公司,32,3546.02,113472.64
2024-10-11,华中,打印机,李四,武汉智能科技有限公司,36,6611.51,238014.36
2024-11-03,华东,办公软件,吴十,长沙数据服务有限公司,29,8111.98,235247.42
2024-11-28,东北,存储设备,张三,武汉网络科技有限公司,21,1627.72,34182.12
2024-12-29,西北,笔记本电脑,李四,武汉数据服务有限公司,26,4417.22,114847.72
2024-12-04,西北,打印机,李十三,成都网络科技有限公司,40,6556.61,262264.4
2024-09-21,华中,笔记本电脑,赵六,武汉智能科技有限公司,30,9528.37,285851.1
2025-01-30,西北,耳机,刘十四,成都网络科技有限公司,22,5821.43,128071.46
2024-05-16,华东,投影仪,李十三,青岛信息技术有限公司,24,7301.18,175228.32
2025-02-06,华中,显示器,郑十一,杭州网络科技有限公司,1,3742.89,3742.89
2024-04-11,华南,耳机,王五,南京电子商务有限公司,24,7169.91,172077.84
2024-05-12,华北,路由器,赵六,青岛智能科技有限公司,48,7354.81,353030.88
2024-10-06,华南,耳机,陈十五,青岛智能科技有限公司,8,9337.05,74696.4
2024-10-17,华东,存储设备,李十三,杭州信息技术有限公司,46,3710.37,170677.02
2024-11-04,西南,存储设备,王十二,宁波软件开发有限公司,8,7835.38,62683.04
2024-03-21,西北,摄像头,张三,南京科技有限公司,9,9656.62,86909.58
2024-11-21,西北,投影仪,王五,郑州数据服务有限公司,28,8468.75,237125.0
2024-05-23,华东,鼠标,李十三,武汉数据服务有限公司,38,2149.68,81687.84
2024-12-02,西南,鼠标,王十二,郑州数据服务有限公司,39,8885.61,346538.79
2024-10-08,华北,显示器,吴十,武汉软件开发有限公司,49,2858.27,140055.23
2025-03-12,东北,音箱,钱七,郑州数据服务有限公司,9,4421.08,39789.72
2025-03-18,东北,音箱,李十三,成都网络科技有限公司,36,8676.72,312361.92
2024-08-14,东北,键盘,李十三,武汉软件开发有限公司,13,2492.27,32399.51
2024-06-18,西北,音箱,刘十四,郑州系统集成有限公司,46,6675.82,307087.72
2024-09-15,西北,耳机,王十二,青岛软件开发有限公司,21,7248.35,152215.35
2025-02-27,东北,办公软件,郑十一,上海系统集成有限公司,43,7246.17,311585.31
2024-12-11,华东,笔记本电脑,周九,南京系统集成有限公司,28,8178.9,229009.2
2024-06-29,华北,投影仪,陈十五,杭州科技有限公司,4,6867.41,27469.64
2024-06-01,华中,笔记本电脑,刘十四,上海系统集成有限公司,19,6992.21,132851.99
2024-04-04,华北,办公软件,吴十,武汉网络科技有限公司,14,7659.14,107227.96
2024-12-31,华中,打印机,刘十四,成都智能科技有限公司,40,8746.34,349853.6
2024-12-05,华中,投影仪,陈十五,郑州数据服务有限公司,36,4194.42,150999.12
2024-04-12,西南,鼠标,周九,杭州软件开发有限公司,19,7082.89,134574.91
2024-04-15,华东,摄像头,钱七,青岛智能科技有限公司,21,9675.42,203183.82
2024-10-31,华中,打印机,李十三,南京电子商务有限公司,40,8754.07,350162.8
2025-01-14,西北,摄像头,王十二,青岛智能科技有限公司,46,6652.51,306015.46
2024-06-26,华北,耳机,王五,杭州软件开发有限公司,50,7386.69,369334.5
2024-06-15,东北,音箱,李四,广州网络科技有限公司,5,2276.28,11381.4
2024-12-28,华北,平板电脑,王五,杭州信息技术有限公司,3,4570.82,13712.46
2024-11-12,东北,平板电脑,张三,南京系统集成有限公司,17,553.63,9411.71
2025-02-02,西北,办公软件,李十三,深圳软件开发有限公司,21,6170.36,129577.56
2024-12-25,华北,智能手机,陈十五,南京电子商务有限公司,32,8004.13,256132.16
2024-06-21,西北,智能手机,陈十五,宁波软件开发有限公司,21,5491.25,115316.25
2024-12-18,西南,智能手机,孙八,青岛信息技术有限公司,11,4451.35,48964.85
2024-09-04,华北,显示器,赵六,深圳电子商务有限公司,14,6801.68,95223.52
2024-12-31,华中,投影仪,李十三,深圳科技有限公司,40,5539.74,221589.6
2024-11-02,华南,存储设备,王十二,武汉系统集成有限公司,8,6854.92,54839.36
2025-03-03,华北,鼠标,陈十五,福州科技有限公司,16,9609.52,153752.32
2024-08-10,华东,音箱,陈十五,南京智能科技有限公司,25,2937.61,73440.25
2024-11-02,西南,笔记本电脑,钱七,成都智能科技有限公司,33,8126.76,268183.08
2024-04-30,华东,平板电脑,陈十五,青岛科技有限公司,13,3542.97,46058.61
2024-04-21,华南,存储设备,李十三,重庆软件开发有限公司,35,569.64,19937.4
2024-10-22,华中,智能手机,赵六,青岛科技有限公司,14,8717.03,122038.42
2024-10-27,东北,办公软件,李四,广州科技有限公司,45,8847.05,398117.25
2024-11-09,东北,键盘,张三,北京信息技术有限公司,44,1960.67,86269.48
2024-07-25,西北,智能手机,王十二,青岛信息技术有限公司,5,1015.55,5077.75
2024-11-04,东北,鼠标,周九,广州智能科技有限公司,17,4372.51,74332.67
2024-05-18,西北,笔记本电脑,李十三,福州系统集成有限公司,2,4200.27,8400.54
2025-01-12,华东,摄像头,李四,广州科技有限公司,40,1100.76,44030.4
2025-03-05,华北,路由器,李四,上海系统集成有限公司,33,1508.29,49773.57
2024-09-30,西南,办公软件,李十三,杭州网络科技有限公司,49,9303.56,455874.44
2024-07-09,华南,摄像头,周九,青岛科技有限公司,31,1985.07,61537.17
2024-05-31,华北,存储设备,陈十五,福州系统集成有限公司,19,9621.28,182804.32
2024-03-24,西北,办公软件,郑十一,南京系统集成有限公司,42,4044.74,169879.08
2025-01-06,西北,鼠标,郑十一,南京科技有限公司,8,896.84,7174.72
2024-09-11,华南,鼠标,李十三,宁波软件开发有限公司,6,3394.57,20367.42
2024-07-10,西北,办公软件,钱七,青岛智能科技有限公司,10,2029.07,20290.7
2025-01-03,华中,笔记本电脑,陈十五,南京科技有限公司,8,2222.9,17783.2
2024-04-25,华北,存储设备,李四,深圳数据服务有限公司,30,6624.41,198732.3
2025-01-10,西南,键盘,孙八,武汉软件开发有限公司,7,2375.47,16628.29
2024-05-09,华北,路由器,李四,青岛智能科技有限公司,43,6726.99,289260.57
2024-09-03,西北,存储设备,钱七,郑州数据服务有限公司,21,5115.68,107429.28
2025-01-03,华北,投影仪,孙八,长沙电子商务有限公司,38,1947.75,74014.5
2024-07-23,华中,打印机,刘十四,广州科技有限公司,11,545.9,6004.9
2024-09-19,华南,存储设备,刘十四,长沙网络科技有限公司,42,4643.18,195013.56
2024-09-18,华中,显示器,吴十,南京科技有限公司,31,4897.06,151808.86
2025-01-23,华东,办公软件,钱七,武汉软件开发有限公司,7,2169.82,15188.74
2025-02-02,华东,摄像头,李四,杭州网络科技有限公司,35,2366.1,82813.5
2025-01-10,西北,鼠标,陈十五,杭州信息技术有限公司,33,6500.45,214514.85
2024-12-26,华北,音箱,郑十一,广州电子商务有限公司,14,9109.88,127538.32
2024-09-22,西南,打印机,陈十五,杭州信息技术有限公司,42,7864.37,330303.54
2024-05-26,西南,音箱,郑十一,北京信息技术有限公司,47,8643.06,406223.82
2024-03-24,东北,打印机,陈十五,武汉系统集成有限公司,26,3956.72,102874.72
2024-12-07,华南,耳机,王五,重庆软件开发有限公司,44,2075.51,91322.44
2025-02-19,华中,平板电脑,刘十四,福州系统集成有限公司,37,9512.76,351972.12
2024-04-08,华南,投影仪,吴十,青岛信息技术有限公司,31,9422.16,292086.96
2024-07-16,华东,存储设备,赵六,杭州网络科技有限公司,5,3011.39,15056.95
2024-11-06,华东,笔记本电脑,李十三,广州智能科技有限公司,24,4186.88,100485.12
2024-12-10,东北,办公软件,钱七,广州科技有限公司,7,7185.49,50298.43
2025-01-04,华南,鼠标,李十三,广州网络科技有限公司,17,5997.0,101949.0
2024-04-27,西北,显示器,周九,青岛信息技术有限公司,24,6082.95,145990.8
2024-09-11,西南,投影仪,吴十,武汉数据服务有限公司,34,4355.5,148087.0
2024-05-29,西南,平板电脑,赵六,大连科技有限公司,1,5267.45,5267.45
2024-07-05,华南,平板电脑,王五,南京智能科技有限公司,33,6613.03,218229.99
2024-05-18,东北,打印机,周九,长沙网络科技有限公司,39,7314.38,285260.82
2025-02-27,西南,耳机,赵六,杭州信息技术有限公司,47,1576.72,74105.84
2024-10-15,华东,打印机,张三,武汉软件开发有限公司,11,6648.96,73138.56
2024-05-26,东北,音箱,张三,青岛软件开发有限公司,37,6127.3,226710.1
2024-07-29,华南,音箱,周九,武汉数据服务有限公司,10,1031.16,10311.6
2025-02-20,华中,显示器,李四,成都网络科技有限公司,37,6557.42,242624.54
2024-11-15,华中,耳机,王五,青岛信息技术有限公司,29,6262.0,181598.0
2025-01-11,华中,投影仪,王五,武汉系统集成有限公司,27,6207.97,167615.19
2024-06-12,东北,存储设备,孙八,武汉智能科技有限公司,43,5352.65,230163.95
2024-07-14,西南,鼠标,王五,武汉网络科技有限公司,39,6110.66,238315.74
2024-12-02,东北,鼠标,王五,武汉数据服务有限公司,2,2422.31,4844.62
2025-01-27,西北,笔记本电脑,陈十五,青岛科技有限公司,7,2185.51,15298.57
2024-05-05,西南,存储设备,王五,武汉数据服务有限公司,33,7647.64,252372.12
2025-03-01,东北,鼠标,郑十一,杭州系统集成有限公司,35,8361.46,292651.1
2025-03-11,西北,鼠标,赵六,广州电子商务有限公司,24,8810.83,211459.92
2025-01-14,华中,摄像头,陈十五,郑州数据服务有限公司,50,4121.75,206087.5
2024-05-26,华北,耳机,陈十五,青岛信息技术有限公司,37,1428.31,52847.47
2024-12-22,西南,显示器,赵六,深圳科技有限公司,6,3191.03,19146.18
2024-03-22,西北,音箱,李四,杭州网络科技有限公司,46,7564.63,347972.98
2024-07-02,东北,投影仪,孙八,杭州系统集成有限公司,1,4062.78,4062.78
2024-10-23,东北,路由器,钱七,深圳数据服务有限公司,24,1512.54,36300.96
2024-09-22,西北,显示器,李十三,深圳软件开发有限公司,35,4523.83,158334.05
2024-12-26,华中,音箱,吴十,重庆软件开发有限公司,49,2435.09,119319.41
2024-11-21,华北,显示器,王十二,广州科技有限公司,24,5811.39,139473.36
2024-05-28,华中,办公软件,李十三,福州科技有限公司,50,7202.2,360110.0
2025-03-12,华南,智能手机,赵六,宁波软件开发有限公司,48,2682.83,128775.84
2024-12-25,西北,摄像头,李十三,南京电子商务有限公司,26,7967.77,207162.02
2025-02-07,华东,投影仪,李四,南京系统集成有限公司,4,2027.01,8108.04
2024-10-27,华东,智能手机,钱七,青岛信息技术有限公司,31,9295.69,288166.39
2024-04-07,东北,鼠标,周九,武汉系统集成有限公司,24,1260.38,30249.12
2025-03-18,西北,笔记本电脑,陈十五,重庆软件开发有限公司,42,5449.55,228881.1
2024-03-24,华南,办公软件,李十三,杭州网络科技有限公司,41,5196.5,213056.5
2025-01-19,西北,音箱,刘十四,青岛信息技术有限公司,19,2350.09,44651.71
2024-04-06,华北,打印机,李十三,深圳科技有限公司,40,2110.09,84403.6
2024-08-07,华中,鼠标,孙八,成都网络科技有限公司,11,1325.01,14575.11
2024-06-29,西北,笔记本电脑,刘十四,南京电子商务有限公司,26,4351.78,113146.28
2024-12-25,华北,摄像头,郑十一,杭州信息技术有限公司,5,9232.19,46160.95
2024-08-07,华南,路由器,赵六,武汉智能科技有限公司,23,3801.01,87423.23
2024-07-30,华南,鼠标,郑十一,武汉网络科技有限公司,26,5961.61,155001.86
2024-08-16,华北,智能手机,陈十五,宁波软件开发有限公司,36,1187.67,42756.12
2025-01-07,华北,摄像头,吴十,广州网络科技有限公司,17,8823.07,149992.19
2024-07-21,华中,键盘,陈十五,武汉智能科技有限公司,37,5094.48,188495.76
2025-01-13,华中,笔记本电脑,吴十,福州科技有限公司,44,4876.84,214580.96
2025-02-06,华中,打印机,李十三,郑州数据服务有限公司,17,1141.77,19410.09
2024-10-16,华北,音箱,郑十一,深圳科技有限公司,15,8101.53,121522.95
2024-07-24,华北,智能手机,周九,杭州软件开发有限公司,45,8405.68,378255.6
2024-04-26,西北,平板电脑,吴十,广州智能科技有限公司,48,8300.21,398410.08
2025-01-06,华北,平板电脑,刘十四,杭州软件开发有限公司,23,2576.38,59256.74
2024-06-29,华南,摄像头,赵六,深圳数据服务有限公司,13,5240.49,68126.37
2024-07-24,华中,路由器,孙八,南京系统集成有限公司,14,2677.47,37484.58
2024-04-28,东北,存储设备,吴十,武汉系统集成有限公司,50,1513.55,75677.5
2024-12-21,华东,办公软件,吴十,南京智能科技有限公司,1,7760.32,7760.32
2025-01-07,华中,显示器,吴十,重庆软件开发有限公司,40,3496.46,139858.4
2024-08-09,西南,打印机,陈十五,青岛软件开发有限公司,49,9202.06,450900.94
2024-10-21,西南,音箱,张三,宁波软件开发有限公司,9,1014.41,9129.69
2025-03-05,华中,平板电脑,吴十,福州科技有限公司,23,4240.31,97527.13
2024-08-27,东北,笔记本电脑,张三,杭州软件开发有限公司,45,5422.95,244032.75
2024-05-09,华北,键盘,王十二,深圳数据服务有限公司,14,4104.57,57463.98
2024-07-18,华北,耳机,王十二,长沙网络科技有限公司,12,5711.35,68536.2
2024-10-22,华南,鼠标,刘十四,深圳电子商务有限公司,24,2247.18,53932.32
2024-10-10,华北,耳机,王五,青岛软件开发有限公司,24,3968.24,95237.76
2025-03-05,华南,办公软件,李四,福州系统集成有限公司,9,9803.09,88227.81
2024-12-28,西南,办公软件,周九,青岛智能科技有限公司,18,8138.83,146498.94
2024-06-03,西南,投影仪,张三,重庆软件开发有限公司,10,8100.36,81003.6
2025-02-04,西北,音箱,刘十四,广州智能科技有限公司,27,5246.18,141646.86
2024-12-31,华中,路由器,张三,深圳软件开发有限公司,32,3350.32,107210.24
2024-04-18,华南,办公软件,钱七,广州电子商务有限公司,7,7060.16,49421.12
2024-09-06,华北,键盘,孙八,南京科技有限公司,41,1414.87,58009.67
2024-07-28,华北,笔记本电脑,周九,福州科技有限公司,36,9352.52,336690.72
2025-01-23,华南,路由器,王十二,成都智能科技有限公司,23,8740.0,201020.0
2024-08-11,华北,键盘,李十三,宁波软件开发有限公司,42,5615.16,235836.72
2024-11-02,华东,鼠标,王十二,上海系统集成有限公司,32,7860.07,251522.24
2024-06-01,华中,平板电脑,李十三,长沙网络科技有限公司,30,6501.27,195038.1
2025-01-05,西南,办公软件,李四,北京信息技术有限公司,27,6497.1,175421.7
2024-08-26,华北,存储设备,钱七,南京电子商务有限公司,11,3764.44,41408.84
2024-10-07,华北,耳机,陈十五,南京智能科技有限公司,18,6251.16,112520.88
2024-11-04,西南,平板电脑,王五,杭州网络科技有限公司,48,6075.74,291635.52
2025-02-20,华北,摄像头,刘十四,广州科技有限公司,9,7413.84,66724.56
2024-10-08,华东,智能手机,李四,广州电子商务有限公司,6,2500.43,15002.58
2024-10-08,西北,投影仪,李四,武汉网络科技有限公司,36,1011.34,36408.24
2024-05-01,东北,鼠标,钱七,青岛信息技术有限公司,17,6371.97,108323.49
2024-10-31,东北,平板电脑,王五,杭州网络科技有限公司,16,7507.14,120114.24
2025-02-21,华北,办公软件,孙八,广州电子商务有限公司,11,771.43,8485.73
2024-12-20,华北,音箱,吴十,武汉软件开发有限公司,30,9762.32,292869.6
2025-01-15,西北,耳机,李十三,广州科技有限公司,45,5623.23,253045.35
2024-10-27,西北,存储设备,李十三,青岛科技有限公司,41,8834.29,362205.89
2024-11-20,西北,打印机,陈十五,北京信息技术有限公司,20,9134.77,182695.4
2024-10-16,华北,平板电脑,钱七,深圳科技有限公司,29,3424.75,99317.75
2024-05-27,华北,显示器,吴十,青岛科技有限公司,1,5471.5,5471.5
2024-11-25,华中,耳机,钱七,深圳科技有限公司,1,7033.81,7033.81
2024-08-15,西北,打印机,陈十五,深圳科技有限公司,50,4589.14,229457.0
2024-10-15,西北,鼠标,周九,广州软件开发有限公司,36,4049.62,145786.32
2025-02-12,西南,办公软件,周九,青岛信息技术有限公司,11,7291.91,80211.01
2025-02-02,华南,音箱,陈十五,武汉系统集成有限公司,17,1252.49,21292.33
2024-08-11,东北,摄像头,郑十一,长沙智能科技有限公司,45,7004.08,315183.6
2024-04-23,华南,平板电脑,钱七,福州科技有限公司,27,2286.01,61722.27
2024-11-05,华北,摄像头,王十二,南京电子商务有限公司,41,4825.76,197856.16
2024-06-04,华东,音箱,张三,重庆软件开发有限公司,13,3546.12,46099.56
2024-05-22,东北,耳机,刘十四,深圳科技有限公司,7,3180.09,22260.63
2024-03-26,西南,打印机,孙八,杭州系统集成有限公司,15,1356.87,20353.05
2024-11-29,华北,耳机,刘十四,南京电子商务有限公司,20,7964.39,159287.8
2024-06-01,华东,显示器,陈十五,深圳软件开发有限公司,22,1262.12,27766.64
2024-06-19,华南,办公软件,钱七,广州网络科技有限公司,5,5660.32,28301.6
2024-07-24,西南,投影仪,吴十,广州软件开发有限公司,1,1658.63,1658.63
2024-06-28,西南,摄像头,陈十五,武汉网络科技有限公司,48,9948.09,477508.32
2024-07-03,西南,鼠标,李十三,深圳软件开发有限公司,34,6827.07,232120.38
2024-04-09,东北,音箱,郑十一,福州科技有限公司,21,2006.81,42143.01
2024-08-18,华南,键盘,张三,成都网络科技有限公司,17,5071.68,86218.56
2024-07-17,东北,鼠标,孙八,深圳科技有限公司,14,9746.1,136445.4
2025-01-12,华东,鼠标,陈十五,广州软件开发有限公司,11,8046.71,88513.81
2025-01-10,华中,摄像头,吴十,郑州数据服务有限公司,1,9703.93,9703.93
2024-05-03,华南,平板电脑,吴十,北京信息技术有限公司,39,1972.42,76924.38
2025-02-02,华东,笔记本电脑,孙八,成都智能科技有限公司,44,6377.13,280593.72
2024-05-12,华南,耳机,赵六,广州智能科技有限公司,10,7162.62,71626.2
2024-09-12,华中,耳机,刘十四,青岛智能科技有限公司,36,7991.34,287688.24
2024-09-18,东北,平板电脑,钱七,南京电子商务有限公司,2,7047.87,14095.74
2024-12-30,华北,音箱,刘十四,南京电子商务有限公司,32,7212.95,230814.4
2024-12-22,华北,键盘,刘十四,武汉智能科技有限公司,13,5883.67,76487.71
2025-01-19,华中,音箱,王五,大连科技有限公司,18,8742.79,157370.22
2024-08-17,华中,显示器,郑十一,南京智能科技有限公司,34,1972.74,67073.16
2025-02-08,西北,鼠标,刘十四,重庆软件开发有限公司,30,506.84,15205.2
2024-09-21,华中,路由器,赵六,广州智能科技有限公司,2,6387.48,12774.96
2024-12-19,华中,鼠标,赵六,杭州网络科技有限公司,47,1101.75,51782.25
2024-12-26,华南,路由器,钱七,广州智能科技有限公司,44,5226.72,229975.68
2024-05-14,华东,音箱,李十三,大连科技有限公司,27,6588.59,177891.93
2024-05-24,华南,办公软件,张三,青岛智能科技有限公司,3,8434.34,25303.02
2024-05-08,华东,路由器,李十三,广州网络科技有限公司,7,5111.02,35777.14
2025-02-01,东北,路由器,钱七,深圳信息技术有限公司,43,5154.14,221628.02
2024-04-24,华东,打印机,李十三,南京电子商务有限公司,24,2596.87,62324.88
2025-02-09,华东,键盘,郑十一,广州科技有限公司,6,4946.56,29679.36
2025-03-16,华东,办公软件,王十二,长沙智能科技有限公司,27,8309.25,224349.75
2024-04-24,华中,显示器,李四,成都网络科技有限公司,34,886.2,30130.8
2024-07-15,西北,鼠标,赵六,青岛智能科技有限公司,34,1422.63,48369.42
2025-01-04,东北,平板电脑,郑十一,广州科技有限公司,34,6740.33,229171.22
2024-05-12,华中,存储设备,王十二,广州科技有限公司,36,4444.25,159993.0
2025-02-22,西南,智能手机,王五,重庆软件开发有限公司,44,4857.85,213745.4
2024-09-07,东北,平板电脑,郑十一,武汉数据服务有限公司,36,4314.79,155332.44
2024-08-27,西北,键盘,孙八,杭州系统集成有限公司,29,9368.44,271684.76
2024-08-31,西北,打印机,王十二,青岛科技有限公司,49,6515.79,319273.71
2024-12-25,东北,显示器,孙八,长沙数据服务有限公司,14,4063.1,56883.4
2024-03-19,东北,笔记本电脑,钱七,武汉数据服务有限公司,29,9618.33,278931.57
2024-08-20,华东,显示器,赵六,成都网络科技有限公司,2,5417.29,10834.58
2025-03-07,华中,显示器,郑十一,宁波软件开发有限公司,21,706.16,14829.36
2025-01-05,华南,智能手机,张三,武汉智能科技有限公司,36,5921.35,213168.6
2024-08-01,华北,路由器,赵六,青岛信息技术有限公司,23,1983.02,45609.46
2024-05-05,西北,鼠标,王十二,成都网络科技有限公司,17,8205.21,139488.57
2024-09-01,华中,耳机,王五,南京电子商务有限公司,47,1233.41,57970.27
2024-05-06,西北,存储设备,钱七,南京电子商务有限公司,45,7177.06,322967.7
2024-09-30,华东,投影仪,张三,重庆软件开发有限公司,47,8179.24,384424.28
2024-10-27,西南,办公软件,李四,重庆软件开发有限公司,22,3805.34,83717.48
2025-01-21,华东,存储设备,陈十五,郑州系统集成有限公司,15,7602.95,114044.25
2024-12-12,华东,键盘,郑十一,青岛软件开发有限公司,25,1014.22,25355.5
2025-03-11,华南,平板电脑,张三,杭州软件开发有限公司,10,3604.9,36049.0
2024-11-02,华中,路由器,王十二,宁波软件开发有限公司,47,9974.99,468824.53
2024-08-14,华中,鼠标,王五,武汉软件开发有限公司,6,2609.81,15658.86
2025-01-05,东北,笔记本电脑,郑十一,深圳软件开发有限公司,22,1284.18,28251.96
2024-11-30,西南,投影仪,刘十四,武汉软件开发有限公司,17,1308.25,22240.25
2024-12-30,华南,耳机,周九,成都智能科技有限公司,49,1781.27,87282.23
2025-01-28,东北,音箱,赵六,广州软件开发有限公司,37,2362.94,87428.78
2024-10-25,华北,存储设备,王十二,北京信息技术有限公司,5,3029.44,15147.2
2024-10-21,华北,键盘,赵六,广州智能科技有限公司,8,6881.6,55052.8
2024-03-31,华中,显示器,王五,广州科技有限公司,23,6141.83,141262.09
2024-10-31,西北,平板电脑,吴十,南京电子商务有限公司,40,8305.05,332202.0
2024-09-26,华南,投影仪,刘十四,北京信息技术有限公司,15,2397.01,35955.15
2024-07-21,西北,平板电脑,钱七,深圳科技有限公司,8,7526.03,60208.24
2024-05-14,华北,耳机,吴十,杭州网络科技有限公司,22,7091.05,156003.1
2024-12-19,华南,打印机,郑十一,杭州网络科技有限公司,22,2485.59,54682.98
2024-11-21,西北,摄像头,王五,郑州数据服务有限公司,49,2957.25,144905.25
2024-09-27,西北,存储设备,郑十一,南京电子商务有限公司,45,6848.48,308181.6
2024-08-11,华南,投影仪,刘十四,武汉系统集成有限公司,17,2118.04,36006.68
2025-02-17,华东,智能手机,周九,成都网络科技有限公司,18,1004.31,18077.58
2025-02-19,华北,办公软件,李四,杭州网络科技有限公司,18,6798.33,122369.94
2025-02-14,西南,打印机,周九,宁波软件开发有限公司,19,8740.4,166067.6
2024-08-27,西南,办公软件,王十二,青岛科技有限公司,46,1446.24,66527.04
2024-11-30,西南,音箱,刘十四,杭州网络科技有限公司,6,2270.97,13625.82
2024-12-15,华北,键盘,吴十,深圳软件开发有限公司,3,2850.23,8550.69
2024-09-12,东北,键盘,孙八,郑州系统集成有限公司,48,1991.55,95594.4
2024-11-30,华北,投影仪,张三,郑州系统集成有限公司,20,2743.95,54879.0
2024-04-03,西北,显示器,赵六,南京系统集成有限公司,17,8847.43,150406.31
2025-02-18,华南,智能手机,刘十四,广州网络科技有限公司,22,9023.17,198509.74
2025-01-26,华中,存储设备,李十三,青岛信息技术有限公司,34,9625.75,327275.5
2024-06-05,西南,显示器,王十二,长沙网络科技有限公司,27,2783.43,75152.61
2024-07-02,东北,平板电脑,王十二,青岛科技有限公司,29,5651.22,163885.38
2024-05-28,华北,摄像头,刘十四,杭州网络科技有限公司,44,8101.0,356444.0
2024-06-01,东北,路由器,王五,广州智能科技有限公司,9,4585.61,41270.49
2024-05-18,华南,键盘,王五,福州系统集成有限公司,5,5794.73,28973.65
2024-10-16,西南,显示器,吴十,广州科技有限公司,2,7771.63,15543.26
2024-08-06,华南,投影仪,赵六,武汉网络科技有限公司,41,9365.88,384001.08
2025-01-26,西北,显示器,王十二,青岛软件开发有限公司,9,2255.09,20295.81
2024-07-15,华南,存储设备,张三,广州科技有限公司,40,2693.66,107746.4
2024-11-18,华南,音箱,王十二,广州电子商务有限公司,6,7037.34,42224.04
